abjsai	abisai
abraliam	abraham
abuudante	abundante
aconteeimientos	acontecimientos
actnalmente	actualmente
ahoia	ahola
alguua	alguna
aliava	ahava
alií	allí
ammóu	ammón
annal	anual
annque	aunque
ararn	aram
bjen	bien
capernaiim	capernaum
cetnra	cetura
cindadanos	ciudadanos
cnales	cuales
cnbrirlo	cubrirlo
cuestióu	cuestión
cuito	culto
destruccióu	destrucción
durna	duma
egjpto	egipto
eomo	como
estáu	están
fiuo	fino
fné	fué
gaiaad	galaad
gedeóu	gedeón
generalmeute	generalmente
gesern	gesem
haceu	hacen
halia	halla
heeha	hecha
ias	las
ilamado	llamado
iugar	lugar
jeeonías	jeconías
jerarneel	jerameel
jernsalem	jerusalem
jndá	judá
jneces	jueces
liamado	llamado
matrimouio	matrimonio
mencióu	mención
mncho	mucho
mnjeres	mujeres
mny	muy
muralias	murallas
nabueodonosor	nabucodonosor
nacióu	nación
najot	naiot
nalialiel	nahaliel
nna	una
oeurre	ocurre
oflr	ofir
pagauos	paganos
plleser	pileser
poblacióu	población
posicioues	posiciones
probablemeute	probablemente
prodnce	produce
puuto	punto
qye	que
rejnado	reinado
sabidnría	sabiduría
sadueeos	saduceos
saivador	salvador
sepulero	sepulcro
siquern	siquem
siuaí	sinaí
snmo	sumo
sns	sus
tai	tal
tccoa	tecoa
teníau	tenían
tiernpos	tiempos
uego	nego
uombre	nombre
uuos	unos
valies	valles
vivíau	vivían
yna	una
